"study","platform","subset","target_label","n","rho_orig","rho_lower","rho_upper","yi","vi"
"Discovery (GSE193677)","RNA-Seq","All_samples","TAK1",2483,-0.516259402139675,-0.544538182941316,-0.48680822271695,-0.571226426474046,0.000403225806451613
"Discovery (GSE193677)","RNA-Seq","All_samples","NLRP3",2483,-0.481066783680935,-0.510739029271265,-0.45024984472025,-0.524371354808776,0.000403225806451613
"Discovery (GSE193677)","RNA-Seq","All_samples","CASP1",2483,-0.443097836412653,-0.474170327049431,-0.410922922421919,-0.476078890766905,0.000403225806451613
"Discovery (GSE193677)","RNA-Seq","All_samples","NFKB_p65",2483,0.246216781128377,0.20890267824069,0.282815003436852,0.25138142365828,0.000403225806451613
"Discovery (GSE193677)","RNA-Seq","All_samples","FOXC1",2483,-0.0986223148683854,-0.137426599182134,-0.0595157716697376,-0.0989439393185297,0.000403225806451613
"Discovery (GSE193677)","RNA-Seq","All_samples","ASC",2483,0.0673589803901689,0.0280959896076378,0.106414448427464,0.0674611330747886,0.000403225806451613
"Discovery (GSE193677)","RNA-Seq","All_samples","IL1B",2483,0.034461512888627,-0.00488254358249773,0.0736990419925916,0.0344751647344736,0.000403225806451613
"Discovery (GSE193677)","RNA-Seq","CD","CASP1",1154,-0.499333255079774,-0.541439357057543,-0.454728537798084,-0.548417545852118,0.000868809730668983
"Discovery (GSE193677)","RNA-Seq","CD","TAK1",1154,-0.495683521055657,-0.538001985845161,-0.450872734684834,-0.543567290320816,0.000868809730668983
"Discovery (GSE193677)","RNA-Seq","CD","NLRP3",1154,-0.488333009250636,-0.531074895521332,-0.443112275218796,-0.533868991077183,0.000868809730668983
"Discovery (GSE193677)","RNA-Seq","CD","NFKB_p65",1154,0.225384785653604,0.169886466952596,0.279457963451869,0.229321887976987,0.000868809730668983
"Discovery (GSE193677)","RNA-Seq","CD","FOXC1",1154,-0.11587687308225,-0.1724317649019,-0.0585605224060473,-0.116399735646542,0.000868809730668983
"Discovery (GSE193677)","RNA-Seq","CD","ASC",1154,0.062294173244283,0.00460277376694496,0.11957227246057,0.0623749402231614,0.000868809730668983
"Discovery (GSE193677)","RNA-Seq","CD","IL1B",1154,-0.00173478106712332,-0.0594367766577028,0.0559787688489532,-0.00173478280738099,0.000868809730668983
"Discovery (GSE193677)","RNA-Seq","Control","CASP1",460,-0.540339242993875,-0.602026449868078,-0.472240258688308,-0.604634613084047,0.00218818380743982
"Discovery (GSE193677)","RNA-Seq","Control","TAK1",460,-0.530961578884753,-0.593575223560893,-0.461958574068398,-0.591483306729812,0.00218818380743982
"Discovery (GSE193677)","RNA-Seq","Control","NLRP3",460,-0.518150800827735,-0.582007685437957,-0.447942729440299,-0.573808547247444,0.00218818380743982
"Discovery (GSE193677)","RNA-Seq","Control","NFKB_p65",460,0.311966584867151,0.227012725222847,0.392208602454802,0.32272254753373,0.00218818380743982
"Discovery (GSE193677)","RNA-Seq","Control","IL1B",460,0.148921349796796,0.058286067486793,0.237121657940598,0.150037139639531,0.00218818380743982
"Discovery (GSE193677)","RNA-Seq","Control","FOXC1",460,-0.140904960863219,-0.229378811885869,-0.050121780223872,-0.141848748327908,0.00218818380743982
"Discovery (GSE193677)","RNA-Seq","Control","ASC",460,-0.0673898557505306,-0.157846194133597,0.0241880648059613,-0.067492149227152,0.00218818380743982
"Discovery (GSE193677)","RNA-Seq","UC","TAK1",869,-0.53966662869241,-0.585169715295028,-0.490775679990859,-0.603685124932208,0.00115473441108545
"Discovery (GSE193677)","RNA-Seq","UC","NLRP3",869,-0.459052352724647,-0.509987943394432,-0.404908760934962,-0.496109963304324,0.00115473441108545
"Discovery (GSE193677)","RNA-Seq","UC","CASP1",869,-0.351761039399907,-0.408705019990812,-0.292088949627913,-0.367452050121333,0.00115473441108545
"Discovery (GSE193677)","RNA-Seq","UC","NFKB_p65",869,0.246607542638294,0.18310539568993,0.308060342967363,0.251797445591274,0.00115473441108545
"Discovery (GSE193677)","RNA-Seq","UC","ASC",869,0.145880247236184,0.0801526713284218,0.210344726498293,0.146928492917222,0.00115473441108545
"Discovery (GSE193677)","RNA-Seq","UC","FOXC1",869,-0.0742689463911809,-0.140082242908544,-0.00780228328077313,-0.074405952880509,0.00115473441108545
"Discovery (GSE193677)","RNA-Seq","UC","IL1B",869,0.0158827359824248,-0.0506759929891329,0.08230100340795,0.0158840717178242,0.00115473441108545
"Validation #1 (GSE235236)","RNA-Seq","All_samples","NLRP3",56,-0.490225563909774,-0.667146924386447,-0.26095275369382,-0.536357213474768,0.0188679245283019
"Validation #1 (GSE235236)","RNA-Seq","All_samples","CASP1",56,-0.177101845522898,-0.420431287406198,0.089993476069819,-0.178989094684936,0.0188679245283019
"Validation #1 (GSE235236)","RNA-Seq","All_samples","IL1B",56,-0.369241285030759,-0.576210535899369,-0.117768584346472,-0.387544327303091,0.0188679245283019
"Validation #1 (GSE235236)","RNA-Seq","All_samples","ASC",56,0.756049213943951,0.61548319253812,0.850000427101209,0.986927645754095,0.0188679245283019
"Validation #1 (GSE235236)","RNA-Seq","All_samples","TAK1",56,-0.583526999316473,-0.733850485208723,-0.378722537518558,-0.667794140510987,0.0188679245283019
"Validation #1 (GSE235236)","RNA-Seq","All_samples","NFKB_p65",56,0.187423103212577,-0.0793941397667944,0.429180582769233,0.189665113348586,0.0188679245283019
"Validation #1 (GSE235236)","RNA-Seq","All_samples","FOXC1",56,-0.580792891319207,-0.731936179025394,-0.375174426292342,-0.663658369750694,0.0188679245283019
"Validation #1 (GSE235236)","RNA-Seq","Control","NLRP3",8,-0.738095238095238,-0.949118914762648,-0.0696305758026797,-0.94628208417501,0.2
"Validation #1 (GSE235236)","RNA-Seq","Control","CASP1",8,-0.761904761904762,-0.954249433120424,-0.123566626779814,-1.00074000010506,0.2
"Validation #1 (GSE235236)","RNA-Seq","Control","IL1B",8,-0.80952380952381,-0.964181595491008,-0.244079282835536,-1.12564589930325,0.2
"Validation #1 (GSE235236)","RNA-Seq","Control","ASC",8,0.857142857142857,0.385016572132398,0.973698192445812,1.28247467873077,0.2
"Validation #1 (GSE235236)","RNA-Seq","Control","TAK1",8,-0.857142857142857,-0.973698192445812,-0.385016572132398,-1.28247467873077,0.2
"Validation #1 (GSE235236)","RNA-Seq","Control","NFKB_p65",8,0.833333333333333,0.31168351535508,0.968990192344437,1.19894763639918,0.2
"Validation #1 (GSE235236)","RNA-Seq","Control","FOXC1",8,-0.785714285714286,-0.959269142861937,-0.181557801393491,-1.06013176810005,0.2
"Validation #1 (GSE235236)","RNA-Seq","UC","NLRP3",26,-0.459145299145299,-0.718683129511617,-0.087316554097931,-0.496227732047022,0.0434782608695652
"Validation #1 (GSE235236)","RNA-Seq","UC","CASP1",26,0.0105982905982906,-0.378313133806833,0.396329546473914,0.0105986874383316,0.0434782608695652
"Validation #1 (GSE235236)","RNA-Seq","UC","IL1B",26,-0.420854700854701,-0.694925221589274,-0.040020600084936,-0.448730238503559,0.0434782608695652
"Validation #1 (GSE235236)","RNA-Seq","UC","ASC",26,0.585641025641025,0.25646181712723,0.793085566938493,0.671005675593108,0.0434782608695652
"Validation #1 (GSE235236)","RNA-Seq","UC","TAK1",26,-0.368888888888889,-0.661696022904279,0.0215485526503263,-0.387136362686157,0.0434782608695652
"Validation #1 (GSE235236)","RNA-Seq","UC","NFKB_p65",26,-0.0194871794871795,-0.40379742791938,0.370669146255373,-0.0194896468025864,0.0434782608695652
"Validation #1 (GSE235236)","RNA-Seq","UC","FOXC1",26,-0.69982905982906,-0.855322590611986,-0.428679024132475,-0.866965429497743,0.0434782608695652
"Validation #1 (GSE235236)","RNA-Seq","CD","NLRP3",22,-0.669113495200452,-0.850730480837349,-0.344757162284945,-0.80913624624554,0.0526315789473684
"Validation #1 (GSE235236)","RNA-Seq","CD","CASP1",22,-0.359683794466403,-0.678418162577427,0.0730020776519291,-0.376522661070507,0.0526315789473684
"Validation #1 (GSE235236)","RNA-Seq","CD","IL1B",22,-0.594579333709768,-0.812511242581913,-0.230829217369696,-0.684720014782454,0.0526315789473684
"Validation #1 (GSE235236)","RNA-Seq","CD","ASC",22,0.688311688311688,0.375736068506175,0.86027329705252,0.844740310053818,0.0526315789473684
"Validation #1 (GSE235236)","RNA-Seq","CD","TAK1",22,-0.546019198193111,-0.786560364935204,-0.161607659303711,-0.612691868334714,0.0526315789473684
"Validation #1 (GSE235236)","RNA-Seq","CD","NFKB_p65",22,-0.103331451157538,-0.503031561160049,0.332781799541922,-0.103701595397823,0.0526315789473684
"Validation #1 (GSE235236)","RNA-Seq","CD","FOXC1",22,-0.567476002258611,-0.798132765874042,-0.191734490778474,-0.643792075943052,0.0526315789473684
"Validation #2 (GSE75214)","Microarray","All_samples","NLRP3",194,-0.0951239455486023,-0.232880550202828,0.04637490944087,-0.0954124251067106,0.00523560209424084
"Validation #2 (GSE75214)","Microarray","All_samples","CASP1",194,-0.254832705353511,-0.381996365403162,-0.118198663677821,-0.260574395215089,0.00523560209424084
"Validation #2 (GSE75214)","Microarray","All_samples","IL1B",194,-0.0847826176280853,-0.222996550522245,0.0567728683874978,-0.0849866400316737,0.00523560209424084
"Validation #2 (GSE75214)","Microarray","All_samples","ASC",194,-0.0308390823961573,-0.170973675687378,0.110518461803127,-0.03084886447156,0.00523560209424084
"Validation #2 (GSE75214)","Microarray","All_samples","TAK1",194,-0.110404194384751,-0.247433147503134,0.0309546508653591,-0.110856079267454,0.00523560209424084
"Validation #2 (GSE75214)","Microarray","All_samples","NFKB_p65",194,0.142777547221754,0.00193915822313025,0.278061966517452,0.143759783291078,0.00523560209424084
"Validation #2 (GSE75214)","Microarray","All_samples","FOXC1",194,0.264197754064748,0.128087720336574,0.390539467368147,0.270615809216143,0.00523560209424084
"Validation #2 (GSE75214)","Microarray","Control","NLRP3",22,-0.505364201016375,-0.764160366168414,-0.106424815992218,-0.556484204901131,0.0526315789473684
"Validation #2 (GSE75214)","Microarray","Control","CASP1",22,-0.693958215697346,-0.863057262517719,-0.38498242715576,-0.8555507831053,0.0526315789473684
"Validation #2 (GSE75214)","Microarray","Control","IL1B",22,0.236589497459063,-0.205527008433477,0.59850411001441,0.241158283103819,0.0526315789473684
"Validation #2 (GSE75214)","Microarray","Control","ASC",22,0.0954263128176172,-0.339862687185019,0.497043893164635,0.0957175622145347,0.0526315789473684
"Validation #2 (GSE75214)","Microarray","Control","TAK1",22,-0.0355731225296443,-0.450432696760063,0.391920204229232,-0.0355881392339475,0.0526315789473684
"Validation #2 (GSE75214)","Microarray","Control","NFKB_p65",22,-0.50197628458498,-0.762265091756907,-0.101934561328624,-0.551944672884476,0.0526315789473684
"Validation #2 (GSE75214)","Microarray","Control","FOXC1",22,0.302089215132693,-0.13697145160519,0.641943104513136,0.311817031405684,0.0526315789473684
"Validation #2 (GSE75214)","Microarray","UC","NLRP3",97,-0.435461813591416,-0.584173831114428,-0.258460847392656,-0.466616935004324,0.0106382978723404
"Validation #2 (GSE75214)","Microarray","UC","CASP1",97,0.129562907637282,-0.0717398411297379,0.320723929363808,0.130295269488184,0.0106382978723404
"Validation #2 (GSE75214)","Microarray","UC","IL1B",97,-0.40632232274353,-0.560359399346455,-0.225117021830622,-0.431198376466462,0.0106382978723404
"Validation #2 (GSE75214)","Microarray","UC","ASC",97,0.520592257521565,0.358351550166173,0.652310726080436,0.577151854417119,0.0106382978723404
"Validation #2 (GSE75214)","Microarray","UC","TAK1",97,-0.243070166210814,-0.422057683045986,-0.04584376915526,-0.248034489851058,0.0106382978723404
"Validation #2 (GSE75214)","Microarray","UC","NFKB_p65",97,0.189446139280454,-0.0103955618069859,0.374735722073824,0.191762627960618,0.0106382978723404
"Validation #2 (GSE75214)","Microarray","UC","FOXC1",97,0.0610403955396592,-0.140114324518446,0.257356135274091,0.0611163762160287,0.0106382978723404
"Validation #2 (GSE75214)","Microarray","CD","NLRP3",75,0.0443243243243243,-0.184497612756203,0.268588169108608,0.0443533857874373,0.0138888888888889
"Validation #2 (GSE75214)","Microarray","CD","CASP1",75,-0.0276813655761024,-0.253057346802607,0.200544471245504,-0.0276884391844554,0.0138888888888889
"Validation #2 (GSE75214)","Microarray","CD","IL1B",75,0.160426742532006,-0.0690534613585622,0.373782665144392,0.16182468100876,0.0138888888888889
"Validation #2 (GSE75214)","Microarray","CD","ASC",75,0.126941678520626,-0.102991525473971,0.343996518389759,0.127630201979014,0.0138888888888889
"Validation #2 (GSE75214)","Microarray","CD","TAK1",75,-0.0681934566145092,-0.290660602775519,0.161268461075539,-0.0682994603018656,0.0138888888888889
"Validation #2 (GSE75214)","Microarray","CD","NFKB_p65",75,0.173854907539118,-0.0552927680195348,0.385605135189603,0.17563899489807,0.0138888888888889
"Validation #2 (GSE75214)","Microarray","CD","FOXC1",75,0.29778093883357,0.0759481048019311,0.491526449109967,0.307082853248514,0.0138888888888889
